sex,param,ga_days,ga_weeks,agedays,M,S_upper,S_lower
0,weight,157,22.4286,-123,498.5749,0.133649,0.071846
0,weight,158,22.5714,-122,511.4744,0.134621,0.073902
0,weight,159,22.7143,-121,524.5701,0.135572,0.075915
0,weight,160,22.8571,-120,537.8597,0.136504,0.077886
0,weight,161,23.0,-119,551.3412,0.137416,0.079816
0,weight,162,23.1429,-118,565.0124,0.138308,0.081705
0,weight,163,23.2857,-117,578.8712,0.139181,0.083553
0,weight,164,23.4286,-116,592.9155,0.140034,0.085361
0,weight,165,23.5714,-115,607.1431,0.140868,0.087129
0,weight,166,23.7143,-114,621.5519,0.141683,0.088857
0,weight,167,23.8571,-113,636.1398,0.14248,0.090546
0,weight,168,24.0,-112,650.9046,0.143257,0.092196
0,weight,169,24.1429,-111,665.8442,0.144016,0.093808
0,weight,170,24.2857,-110,680.9566,0.144756,0.095381
0,weight,171,24.4286,-109,696.2394,0.145478,0.096917
0,weight,172,24.5714,-108,711.6908,0.146182,0.098416
0,weight,173,24.7143,-107,727.3084,0.146868,0.099877
0,weight,174,24.8571,-106,743.0903,0.147536,0.101302
0,weight,175,25.0,-105,759.0341,0.148187,0.10269
0,weight,176,25.1429,-104,775.1379,0.14882,0.104043
0,weight,177,25.2857,-103,791.3995,0.149435,0.105359
0,weight,178,25.4286,-102,807.8168,0.150034,0.106641
0,weight,179,25.5714,-101,824.3876,0.150615,0.107888
0,weight,180,25.7143,-100,841.1098,0.15118,0.1091
0,weight,181,25.8571,-99,857.9813,0.151728,0.110279
0,weight,182,26.0,-98,875.0,0.152259,0.111423
0,weight,183,26.1429,-97,892.1701,0.152774,0.112535
0,weight,184,26.2857,-96,909.5002,0.153272,0.113613
0,weight,185,26.4286,-95,926.9946,0.153755,0.114658
0,weight,186,26.5714,-94,944.6572,0.154221,0.115672
0,weight,187,26.7143,-93,962.4925,0.154672,0.116653
0,weight,188,26.8571,-92,980.5046,0.155107,0.117603
0,weight,189,27.0,-91,998.6977,0.155526,0.118522
0,weight,190,27.1429,-90,1017.076,0.155931,0.11941
0,weight,191,27.2857,-89,1035.6436,0.15632,0.120267
0,weight,192,27.4286,-88,1054.4049,0.156694,0.121094
0,weight,193,27.5714,-87,1073.3639,0.157053,0.121892
0,weight,194,27.7143,-86,1092.5249,0.157397,0.12266
0,weight,195,27.8571,-85,1111.8922,0.157727,0.1234
0,weight,196,28.0,-84,1131.4698,0.158043,0.124111
0,weight,197,28.1429,-83,1151.262,0.158344,0.124793
0,weight,198,28.2857,-82,1171.273,0.158631,0.125448
0,weight,199,28.4286,-81,1191.507,0.158905,0.126075
0,weight,200,28.5714,-80,1211.9682,0.159164,0.126675
0,weight,201,28.7143,-79,1232.6608,0.15941,0.127248
0,weight,202,28.8571,-78,1253.589,0.159643,0.127795
0,weight,203,29.0,-77,1274.757,0.159862,0.128316
0,weight,204,29.1429,-76,1296.169,0.160068,0.128811
0,weight,205,29.2857,-75,1317.8292,0.160261,0.129281
0,weight,206,29.4286,-74,1339.7417,0.160441,0.129726
0,weight,207,29.5714,-73,1361.9109,0.160608,0.130146
0,weight,208,29.7143,-72,1384.3409,0.160763,0.130542
0,weight,209,29.8571,-71,1407.0358,0.160906,0.130914
0,weight,210,30.0,-70,1430.0,0.161036,0.131263
0,weight,211,30.1429,-69,1453.3502,0.161155,0.131589
0,weight,212,30.2857,-68,1477.1877,0.161261,0.131892
0,weight,213,30.4286,-67,1501.4933,0.161356,0.132172
0,weight,214,30.5714,-66,1526.2477,0.161439,0.132431
0,weight,215,30.7143,-65,1551.4316,0.16151,0.132668
0,weight,216,30.8571,-64,1577.026,0.161571,0.132883
0,weight,217,31.0,-63,1603.0115,0.16162,0.133078
0,weight,218,31.1429,-62,1629.3688,0.161658,0.133252
0,weight,219,31.2857,-61,1656.0789,0.161686,0.133406
0,weight,220,31.4286,-60,1683.1224,0.161702,0.13354
0,weight,221,31.5714,-59,1710.4801,0.161709,0.133655
0,weight,222,31.7143,-58,1738.1327,0.161705,0.133751
0,weight,223,31.8571,-57,1766.0612,0.16169,0.133828
0,weight,224,32.0,-56,1794.2461,0.161666,0.133886
0,weight,225,32.1429,-55,1822.6683,0.161632,0.133927
0,weight,226,32.2857,-54,1851.3086,0.161588,0.13395
0,weight,227,32.4286,-53,1880.1477,0.161535,0.133955
0,weight,228,32.5714,-52,1909.1664,0.161472,0.133944
0,weight,229,32.7143,-51,1938.3454,0.161399,0.133916
0,weight,230,32.8571,-50,1967.6656,0.161318,0.133873
0,weight,231,33.0,-49,1997.1077,0.161228,0.133813
0,weight,232,33.1429,-48,2026.6524,0.161129,0.133738
0,weight,233,33.2857,-47,2056.2806,0.161021,0.133648
0,weight,234,33.4286,-46,2085.973,0.160905,0.133543
0,weight,235,33.5714,-45,2115.7104,0.160781,0.133424
0,weight,236,33.7143,-44,2145.4735,0.160648,0.133291
0,weight,237,33.8571,-43,2175.2431,0.160508,0.133144
0,weight,238,34.0,-42,2205.0,0.160359,0.132984
0,weight,239,34.1429,-41,2234.9186,0.160203,0.132812
0,weight,240,34.2857,-40,2265.173,0.160039,0.132627
0,weight,241,34.4286,-39,2295.7434,0.159868,0.132429
0,weight,242,34.5714,-38,2326.6101,0.15969,0.13222
0,weight,243,34.7143,-37,2357.7534,0.159504,0.132
0,weight,244,34.8571,-36,2389.1535,0.159312,0.131768
0,weight,245,35.0,-35,2420.7907,0.159113,0.131526
0,weight,246,35.1429,-34,2452.6453,0.158907,0.131274
0,weight,247,35.2857,-33,2484.6976,0.158695,0.131011
0,weight,248,35.4286,-32,2516.9278,0.158476,0.130739
0,weight,249,35.5714,-31,2549.3161,0.158252,0.130458
0,weight,250,35.7143,-30,2581.8429,0.158021,0.130168
0,weight,251,35.8571,-29,2614.4885,0.157785,0.12987
0,weight,252,36.0,-28,2647.233,0.157542,0.129563
0,weight,253,36.1429,-27,2680.0567,0.157295,0.129249
0,weight,254,36.2857,-26,2712.94,0.157042,0.128928
0,weight,255,36.4286,-25,2745.8631,0.156784,0.128599
0,weight,256,36.5714,-24,2778.8063,0.15652,0.128264
0,weight,257,36.7143,-23,2811.7497,0.156252,0.127922
0,weight,258,36.8571,-22,2844.6738,0.155979,0.127575
0,weight,259,37.0,-21,2877.5587,0.155701,0.127222
0,weight,260,37.1429,-20,2910.3848,0.155419,0.126864
0,weight,261,37.2857,-19,2943.1323,0.155133,0.126501
0,weight,262,37.4286,-18,2975.7814,0.154843,0.126134
0,weight,263,37.5714,-17,3008.3125,0.154548,0.125763
0,weight,264,37.7143,-16,3040.7058,0.15425,0.125388
0,weight,265,37.8571,-15,3072.9415,0.153948,0.125009
0,weight,266,38.0,-14,3105.0,0.153643,0.124628
0,weight,267,38.1429,-13,3136.957,0.153334,0.124244
0,weight,268,38.2857,-12,3168.9015,0.153023,0.123858
0,weight,269,38.4286,-11,3200.8334,0.152708,0.12347
0,weight,270,38.5714,-10,3232.7527,0.15239,0.123081
0,weight,271,38.7143,-9,3264.6594,0.152069,0.12269
0,weight,272,38.8571,-8,3296.5534,0.151746,0.122299
0,weight,273,39.0,-7,3328.4349,0.151421,0.121907
0,weight,274,39.1429,-6,3360.3037,0.151093,0.121515
0,weight,275,39.2857,-5,3392.1598,0.150763,0.121123
0,weight,276,39.4286,-4,3424.0033,0.150432,0.120733
0,weight,277,39.5714,-3,3455.8341,0.150098,0.120343
0,weight,278,39.7143,-2,3487.6521,0.149763,0.119955
0,weight,279,39.8571,-1,3519.4574,0.149426,0.119568
0,weight,280,40.0,0,3551.25,0.149088,0.119184
0,weight,281,40.1429,1,3583.0299,0.148749,0.118802
0,weight,282,40.2857,2,3614.7969,0.148409,0.118423
0,weight,283,40.4286,3,3646.5512,0.148068,0.118047
0,weight,284,40.5714,4,3678.2927,0.147726,0.117675
0,weight,285,40.7143,5,3710.0214,0.147384,0.117307
0,weight,286,40.8571,6,3741.7372,0.147041,0.116944
0,weight,287,41.0,7,3773.4402,0.146698,0.116585
0,weight,288,41.1429,8,3805.1303,0.146355,0.116231
0,weight,289,41.2857,9,3836.8075,0.146012,0.115882
0,weight,290,41.4286,10,3868.4719,0.14567,0.11554
0,weight,291,41.5714,11,3900.1233,0.145327,0.115204
0,weight,292,41.7143,12,3931.7618,0.144986,0.114874
0,weight,293,41.8571,13,3963.3874,0.144645,0.114551
0,weight,294,42.0,14,3995.0,0.144304,0.114235
0,weight,295,42.1429,15,4026.5468,0.143965,0.113927
0,weight,296,42.2857,16,4057.9829,0.143627,0.113627
0,weight,297,42.4286,17,4089.3201,0.143291,0.113336
0,weight,298,42.5714,18,4120.57,0.142955,0.113053
0,weight,299,42.7143,19,4151.7445,0.142622,0.11278
0,weight,300,42.8571,20,4182.8553,0.14229,0.112515
0,weight,301,43.0,21,4213.9143,0.14196,0.112261
0,weight,302,43.1429,22,4244.933,0.141632,0.112017
0,weight,303,43.2857,23,4275.9234,0.141307,0.111784
0,weight,304,43.4286,24,4306.8972,0.140984,0.111561
0,weight,305,43.5714,25,4337.8662,0.140663,0.11135
0,weight,306,43.7143,26,4368.8421,0.140346,0.11115
0,weight,307,43.8571,27,4399.8367,0.140031,0.110963
0,weight,308,44.0,28,4430.8617,0.139719,0.110788
0,weight,309,44.1429,29,4461.929,0.13941,0.110626
0,weight,310,44.2857,30,4493.0503,0.139105,0.110477
0,weight,311,44.4286,31,4524.2373,0.138803,0.110341
0,weight,312,44.5714,32,4555.5019,0.138505,0.110219
0,weight,313,44.7143,33,4586.8557,0.138211,0.110112
0,weight,314,44.8571,34,4618.3106,0.13792,0.110019
0,weight,315,45.0,35,4649.8784,0.137634,0.109941
0,weight,316,45.1429,36,4681.5707,0.137352,0.109879
0,weight,317,45.2857,37,4713.3994,0.137075,0.109832
0,weight,318,45.4286,38,4745.3762,0.136802,0.109801
0,weight,319,45.5714,39,4777.5129,0.136533,0.109787
0,weight,320,45.7143,40,4809.8212,0.13627,0.10979
0,weight,321,45.8571,41,4842.313,0.136012,0.10981
0,weight,322,46.0,42,4875.0,0.135759,0.109847
0,weight,323,46.1429,43,4907.8436,0.135511,0.109902
0,weight,324,46.2857,44,4940.797,0.135269,0.109976
0,weight,325,46.4286,45,4973.8598,0.135033,0.110068
0,weight,326,46.5714,46,5007.0315,0.134802,0.110179
0,weight,327,46.7143,47,5040.3116,0.134577,0.11031
0,weight,328,46.8571,48,5073.6997,0.134359,0.11046
0,weight,329,47.0,49,5107.1953,0.134147,0.11063
0,weight,330,47.1429,50,5140.7979,0.133941,0.110821
0,weight,331,47.2857,51,5174.5071,0.133742,0.111033
0,weight,332,47.4286,52,5208.3223,0.13355,0.111266
0,weight,333,47.5714,53,5242.2432,0.133364,0.11152
0,weight,334,47.7143,54,5276.2692,0.133186,0.111797
0,weight,335,47.8571,55,5310.3999,0.133015,0.112096
0,weight,336,48.0,56,5344.6347,0.132851,0.112417
0,weight,337,48.1429,57,5378.9733,0.132695,0.112762
0,weight,338,48.2857,58,5413.4152,0.132547,0.11313
0,weight,339,48.4286,59,5447.9598,0.132406,0.113521
0,weight,340,48.5714,60,5482.6067,0.132273,0.113937
0,weight,341,48.7143,61,5517.3555,0.132149,0.114378
0,weight,342,48.8571,62,5552.2057,0.132033,0.114843
0,weight,343,49.0,63,5587.1568,0.131925,0.115333
0,weight,344,49.1429,64,5622.2083,0.131826,0.115849
0,weight,345,49.2857,65,5657.3597,0.131736,0.116391
0,weight,346,49.4286,66,5692.6107,0.131655,0.11696
0,weight,347,49.5714,67,5727.9607,0.131583,0.117555
0,weight,348,49.7143,68,5763.4092,0.13152,0.118177
0,weight,349,49.8571,69,5798.9558,0.131467,0.118827
0,weight,350,50.0,70,5834.6,0.131423,0.119504
0,length,164,23.4286,-116,29.9508,0.095332,0.077174
0,length,165,23.5714,-115,30.1493,0.094247,0.076832
0,length,166,23.7143,-114,30.3482,0.093177,0.076492
0,length,167,23.8571,-113,30.5475,0.092122,0.076152
0,length,168,24.0,-112,30.7473,0.091082,0.075815
0,length,169,24.1429,-111,30.9475,0.090057,0.075478
0,length,170,24.2857,-110,31.1483,0.089046,0.075143
0,length,171,24.4286,-109,31.3495,0.088051,0.07481
0,length,172,24.5714,-108,31.5513,0.087069,0.074478
0,length,173,24.7143,-107,31.7535,0.086103,0.074147
0,length,174,24.8571,-106,31.9563,0.08515,0.073817
0,length,175,25.0,-105,32.1597,0.084212,0.073489
0,length,176,25.1429,-104,32.3637,0.083287,0.073163
0,length,177,25.2857,-103,32.5682,0.082377,0.072837
0,length,178,25.4286,-102,32.7733,0.081481,0.072513
0,length,179,25.5714,-101,32.979,0.080598,0.072191
0,length,180,25.7143,-100,33.1854,0.079728,0.07187
0,length,181,25.8571,-99,33.3924,0.078873,0.07155
0,length,182,26.0,-98,33.6,0.07803,0.071231
0,length,183,26.1429,-97,33.8088,0.077201,0.070914
0,length,184,26.2857,-96,34.0193,0.076385,0.070599
0,length,185,26.4286,-95,34.2313,0.075582,0.070284
0,length,186,26.5714,-94,34.4446,0.074792,0.069972
0,length,187,26.7143,-93,34.6591,0.074015,0.06966
0,length,188,26.8571,-92,34.8747,0.07325,0.06935
0,length,189,27.0,-91,35.0913,0.072498,0.069041
0,length,190,27.1429,-90,35.3086,0.071758,0.068734
0,length,191,27.2857,-89,35.5265,0.071031,0.068428
0,length,192,27.4286,-88,35.745,0.070316,0.068123
0,length,193,27.5714,-87,35.9638,0.069613,0.06782
0,length,194,27.7143,-86,36.1828,0.068922,0.067518
0,length,195,27.8571,-85,36.4019,0.068243,0.067217
0,length,196,28.0,-84,36.6209,0.067576,0.066918
0,length,197,28.1429,-83,36.8397,0.06692,0.06662
0,length,198,28.2857,-82,37.0581,0.066276,0.066324
0,length,199,28.4286,-81,37.2761,0.065643,0.066029
0,length,200,28.5714,-80,37.4934,0.065022,0.065735
0,length,201,28.7143,-79,37.7099,0.064411,0.065443
0,length,202,28.8571,-78,37.9255,0.063812,0.065152
0,length,203,29.0,-77,38.14,0.063224,0.064863
0,length,204,29.1429,-76,38.3534,0.062646,0.064575
0,length,205,29.2857,-75,38.5653,0.06208,0.064288
0,length,206,29.4286,-74,38.7758,0.061524,0.064003
0,length,207,29.5714,-73,38.9847,0.060978,0.063719
0,length,208,29.7143,-72,39.1918,0.060443,0.063436
0,length,209,29.8571,-71,39.3969,0.059918,0.063155
0,length,210,30.0,-70,39.6,0.059403,0.062875
0,length,211,30.1429,-69,39.8021,0.058898,0.062597
0,length,212,30.2857,-68,40.0042,0.058403,0.06232
0,length,213,30.4286,-67,40.2063,0.057918,0.062044
0,length,214,30.5714,-66,40.4083,0.057443,0.06177
0,length,215,30.7143,-65,40.61,0.056977,0.061497
0,length,216,30.8571,-64,40.8113,0.056521,0.061225
0,length,217,31.0,-63,41.0123,0.056074,0.060955
0,length,218,31.1429,-62,41.2126,0.055636,0.060686
0,length,219,31.2857,-61,41.4124,0.055208,0.060419
0,length,220,31.4286,-60,41.6113,0.054788,0.060153
0,length,221,31.5714,-59,41.8095,0.054377,0.059888
0,length,222,31.7143,-58,42.0067,0.053975,0.059625
0,length,223,31.8571,-57,42.2028,0.053582,0.059363
0,length,224,32.0,-56,42.3978,0.053197,0.059102
0,length,225,32.1429,-55,42.5915,0.052821,0.058843
0,length,226,32.2857,-54,42.7839,0.052453,0.058585
0,length,227,32.4286,-53,42.9748,0.052093,0.058329
0,length,228,32.5714,-52,43.1642,0.051742,0.058074
0,length,229,32.7143,-51,43.3519,0.051398,0.05782
0,length,230,32.8571,-50,43.5378,0.051062,0.057568
0,length,231,33.0,-49,43.7219,0.050734,0.057317
0,length,232,33.1429,-48,43.904,0.050413,0.057067
0,length,233,33.2857,-47,44.0841,0.0501,0.056819
0,length,234,33.4286,-46,44.262,0.049795,0.056572
0,length,235,33.5714,-45,44.4376,0.049496,0.056327
0,length,236,33.7143,-44,44.6109,0.049205,0.056083
0,length,237,33.8571,-43,44.7817,0.048921,0.05584
0,length,238,34.0,-42,44.95,0.048644,0.055599
0,length,239,34.1429,-41,45.116,0.048373,0.055359
0,length,240,34.2857,-40,45.2801,0.04811,0.055121
0,length,241,34.4286,-39,45.4424,0.047853,0.054884
0,length,242,34.5714,-38,45.603,0.047602,0.054648
0,length,243,34.7143,-37,45.7619,0.047358,0.054414
0,length,244,34.8571,-36,45.9193,0.04712,0.054181
0,length,245,35.0,-35,46.075,0.046888,0.053949
0,length,246,35.1429,-34,46.2293,0.046662,0.053719
0,length,247,35.2857,-33,46.3822,0.046442,0.05349
0,length,248,35.4286,-32,46.5337,0.046228,0.053262
0,length,249,35.5714,-31,46.6839,0.04602,0.053036
0,length,250,35.7143,-30,46.8328,0.045817,0.052812
0,length,251,35.8571,-29,46.9806,0.045619,0.052588
0,length,252,36.0,-28,47.1273,0.045427,0.052366
0,length,253,36.1429,-27,47.273,0.04524,0.052146
0,length,254,36.2857,-26,47.4177,0.045058,0.051926
0,length,255,36.4286,-25,47.5614,0.044882,0.051709
0,length,256,36.5714,-24,47.7043,0.04471,0.051492
0,length,257,36.7143,-23,47.8464,0.044542,0.051277
0,length,258,36.8571,-22,47.9878,0.04438,0.051063
0,length,259,37.0,-21,48.1285,0.044222,0.050851
0,length,260,37.1429,-20,48.2686,0.044068,0.05064
0,length,261,37.2857,-19,48.4081,0.043919,0.050431
0,length,262,37.4286,-18,48.5472,0.043774,0.050222
0,length,263,37.5714,-17,48.6859,0.043633,0.050016
0,length,264,37.7143,-16,48.8242,0.043496,0.04981
0,length,265,37.8571,-15,48.9622,0.043362,0.049606
0,length,266,38.0,-14,49.1,0.043233,0.049403
0,length,267,38.1429,-13,49.2372,0.043107,0.049202
0,length,268,38.2857,-12,49.3736,0.042984,0.049002
0,length,269,38.4286,-11,49.5091,0.042865,0.048804
0,length,270,38.5714,-10,49.6438,0.042749,0.048607
0,length,271,38.7143,-9,49.7777,0.042637,0.048411
0,length,272,38.8571,-8,49.9109,0.042527,0.048216
0,length,273,39.0,-7,50.0433,0.04242,0.048023
0,length,274,39.1429,-6,50.1749,0.042317,0.047832
0,length,275,39.2857,-5,50.3059,0.042215,0.047641
0,length,276,39.4286,-4,50.4363,0.042117,0.047453
0,length,277,39.5714,-3,50.566,0.04202,0.047265
0,length,278,39.7143,-2,50.695,0.041927,0.047079
0,length,279,39.8571,-1,50.8235,0.041835,0.046894
0,length,280,40.0,0,50.9515,0.041746,0.046711
0,length,281,40.1429,1,51.0789,0.041658,0.046529
0,length,282,40.2857,2,51.2059,0.041572,0.046348
0,length,283,40.4286,3,51.3323,0.041489,0.046169
0,length,284,40.5714,4,51.4583,0.041406,0.045991
0,length,285,40.7143,5,51.5839,0.041326,0.045815
0,length,286,40.8571,6,51.7091,0.041247,0.045639
0,length,287,41.0,7,51.834,0.041169,0.045466
0,length,288,41.1429,8,51.9585,0.041092,0.045293
0,length,289,41.2857,9,52.0827,0.041016,0.045122
0,length,290,41.4286,10,52.2066,0.040942,0.044953
0,length,291,41.5714,11,52.3303,0.040868,0.044785
0,length,292,41.7143,12,52.4537,0.040795,0.044618
0,length,293,41.8571,13,52.5769,0.040723,0.044452
0,length,294,42.0,14,52.7,0.040651,0.044288
0,length,295,42.1429,15,52.8226,0.040579,0.044125
0,length,296,42.2857,16,52.9443,0.040508,0.043964
0,length,297,42.4286,17,53.0654,0.040437,0.043804
0,length,298,42.5714,18,53.1857,0.040366,0.043646
0,length,299,42.7143,19,53.3054,0.040295,0.043488
0,length,300,42.8571,20,53.4246,0.040223,0.043333
0,length,301,43.0,21,53.5432,0.040152,0.043178
0,length,302,43.1429,22,53.6613,0.04008,0.043025
0,length,303,43.2857,23,53.7789,0.040007,0.042873
0,length,304,43.4286,24,53.8962,0.039934,0.042723
0,length,305,43.5714,25,54.0132,0.03986,0.042574
0,length,306,43.7143,26,54.1299,0.039786,0.042427
0,length,307,43.8571,27,54.2463,0.03971,0.04228
0,length,308,44.0,28,54.3626,0.039633,0.042136
0,length,309,44.1429,29,54.4787,0.039555,0.041992
0,length,310,44.2857,30,54.5948,0.039476,0.04185
0,length,311,44.4286,31,54.7108,0.039395,0.04171
0,length,312,44.5714,32,54.8269,0.039313,0.04157
0,length,313,44.7143,33,54.943,0.039228,0.041432
0,length,314,44.8571,34,55.0593,0.039143,0.041296
0,length,315,45.0,35,55.1757,0.039055,0.041161
0,length,316,45.1429,36,55.2924,0.038965,0.041027
0,length,317,45.2857,37,55.4093,0.038873,0.040895
0,length,318,45.4286,38,55.5266,0.038779,0.040764
0,length,319,45.5714,39,55.6442,0.038683,0.040634
0,length,320,45.7143,40,55.7623,0.038584,0.040506
0,length,321,45.8571,41,55.8809,0.038482,0.040379
0,length,322,46.0,42,56.0,0.038378,0.040253
0,length,323,46.1429,43,56.1194,0.038271,0.040129
0,length,324,46.2857,44,56.239,0.038161,0.040006
0,length,325,46.4286,45,56.3587,0.038048,0.039885
0,length,326,46.5714,46,56.4785,0.037932,0.039765
0,length,327,46.7143,47,56.5984,0.037812,0.039646
0,length,328,46.8571,48,56.7184,0.037689,0.039529
0,length,329,47.0,49,56.8385,0.037563,0.039413
0,length,330,47.1429,50,56.9588,0.037433,0.039299
0,length,331,47.2857,51,57.0791,0.037299,0.039186
0,length,332,47.4286,52,57.1996,0.037162,0.039074
0,length,333,47.5714,53,57.3201,0.03702,0.038964
0,length,334,47.7143,54,57.4408,0.036874,0.038855
0,length,335,47.8571,55,57.5616,0.036724,0.038747
0,length,336,48.0,56,57.6826,0.03657,0.038641
0,length,337,48.1429,57,57.8036,0.036412,0.038536
0,length,338,48.2857,58,57.9247,0.036249,0.038433
0,length,339,48.4286,59,58.046,0.036081,0.038331
0,length,340,48.5714,60,58.1673,0.035908,0.03823
0,length,341,48.7143,61,58.2888,0.035731,0.038131
0,length,342,48.8571,62,58.4104,0.035548,0.038033
0,length,343,49.0,63,58.5321,0.035361,0.037936
0,length,344,49.1429,64,58.6539,0.035168,0.037841
0,length,345,49.2857,65,58.7758,0.03497,0.037747
0,length,346,49.4286,66,58.8978,0.034766,0.037655
0,length,347,49.5714,67,59.0199,0.034557,0.037564
0,length,348,49.7143,68,59.1422,0.034342,0.037474
0,length,349,49.8571,69,59.2645,0.034122,0.037386
0,length,350,50.0,70,59.387,0.033895,0.037299
0,headcirc,157,22.4286,-123,19.8723,0.060124,0.068122
0,headcirc,158,22.5714,-122,20.0276,0.060046,0.067851
0,headcirc,159,22.7143,-121,20.1828,0.059964,0.067578
0,headcirc,160,22.8571,-120,20.3378,0.05988,0.067304
0,headcirc,161,23.0,-119,20.4926,0.059792,0.067029
0,headcirc,162,23.1429,-118,20.6472,0.059701,0.066753
0,headcirc,163,23.2857,-117,20.8016,0.059608,0.066476
0,headcirc,164,23.4286,-116,20.9559,0.059511,0.066198
0,headcirc,165,23.5714,-115,21.11,0.059411,0.06592
0,headcirc,166,23.7143,-114,21.2639,0.059309,0.06564
0,headcirc,167,23.8571,-113,21.4176,0.059204,0.065359
0,headcirc,168,24.0,-112,21.5711,0.059096,0.065078
0,headcirc,169,24.1429,-111,21.7244,0.058985,0.064795
0,headcirc,170,24.2857,-110,21.8776,0.058871,0.064512
0,headcirc,171,24.4286,-109,22.0305,0.058755,0.064228
0,headcirc,172,24.5714,-108,22.1833,0.058636,0.063943
0,headcirc,173,24.7143,-107,22.3359,0.058514,0.063658
0,headcirc,174,24.8571,-106,22.4882,0.05839,0.063372
0,headcirc,175,25.0,-105,22.6404,0.058263,0.063085
0,headcirc,176,25.1429,-104,22.7924,0.058134,0.062798
0,headcirc,177,25.2857,-103,22.9442,0.058002,0.06251
0,headcirc,178,25.4286,-102,23.0957,0.057868,0.062221
0,headcirc,179,25.5714,-101,23.2471,0.057731,0.061932
0,headcirc,180,25.7143,-100,23.3983,0.057592,0.061643
0,headcirc,181,25.8571,-99,23.5492,0.057451,0.061353
0,headcirc,182,26.0,-98,23.7,0.057307,0.061062
0,headcirc,183,26.1429,-97,23.8509,0.057161,0.060772
0,headcirc,184,26.2857,-96,24.0022,0.057013,0.06048
0,headcirc,185,26.4286,-95,24.1538,0.056862,0.060189
0,headcirc,186,26.5714,-94,24.3057,0.05671,0.059897
0,headcirc,187,26.7143,-93,24.4578,0.056555,0.059605
0,headcirc,188,26.8571,-92,24.61,0.056398,0.059312
0,headcirc,189,27.0,-91,24.7623,0.056239,0.059019
0,headcirc,190,27.1429,-90,24.9145,0.056078,0.058726
0,headcirc,191,27.2857,-89,25.0667,0.055915,0.058433
0,headcirc,192,27.4286,-88,25.2187,0.05575,0.05814
0,headcirc,193,27.5714,-87,25.3705,0.055583,0.057847
0,headcirc,194,27.7143,-86,25.5221,0.055415,0.057553
0,headcirc,195,27.8571,-85,25.6732,0.055244,0.05726
0,headcirc,196,28.0,-84,25.824,0.055072,0.056966
0,headcirc,197,28.1429,-83,25.9742,0.054897,0.056673
0,headcirc,198,28.2857,-82,26.1238,0.054722,0.056379
0,headcirc,199,28.4286,-81,26.2729,0.054544,0.056086
0,headcirc,200,28.5714,-80,26.4212,0.054365,0.055792
0,headcirc,201,28.7143,-79,26.5687,0.054184,0.055499
0,headcirc,202,28.8571,-78,26.7154,0.054001,0.055206
0,headcirc,203,29.0,-77,26.8612,0.053817,0.054913
0,headcirc,204,29.1429,-76,27.006,0.053632,0.054621
0,headcirc,205,29.2857,-75,27.1497,0.053444,0.054328
0,headcirc,206,29.4286,-74,27.2923,0.053256,0.054036
0,headcirc,207,29.5714,-73,27.4337,0.053066,0.053744
0,headcirc,208,29.7143,-72,27.5738,0.052875,0.053452
0,headcirc,209,29.8571,-71,27.7126,0.052682,0.053161
0,headcirc,210,30.0,-70,27.85,0.052488,0.052871
0,headcirc,211,30.1429,-69,27.9865,0.052293,0.05258
0,headcirc,212,30.2857,-68,28.1226,0.052096,0.05229
0,headcirc,213,30.4286,-67,28.2583,0.051898,0.052001
0,headcirc,214,30.5714,-66,28.3935,0.051699,0.051712
0,headcirc,215,30.7143,-65,28.5282,0.051499,0.051423
0,headcirc,216,30.8571,-64,28.6624,0.051298,0.051136
0,headcirc,217,31.0,-63,28.7961,0.051096,0.050848
0,headcirc,218,31.1429,-62,28.9291,0.050893,0.050562
0,headcirc,219,31.2857,-61,29.0614,0.050688,0.050276
0,headcirc,220,31.4286,-60,29.1931,0.050483,0.049991
0,headcirc,221,31.5714,-59,29.324,0.050277,0.049706
0,headcirc,222,31.7143,-58,29.4541,0.05007,0.049422
0,headcirc,223,31.8571,-57,29.5835,0.049862,0.049139
0,headcirc,224,32.0,-56,29.712,0.049654,0.048857
0,headcirc,225,32.1429,-55,29.8396,0.049444,0.048576
0,headcirc,226,32.2857,-54,29.9663,0.049234,0.048295
0,headcirc,227,32.4286,-53,30.092,0.049023,0.048015
0,headcirc,228,32.5714,-52,30.2167,0.048811,0.047737
0,headcirc,229,32.7143,-51,30.3404,0.048599,0.047459
0,headcirc,230,32.8571,-50,30.463,0.048386,0.047182
0,headcirc,231,33.0,-49,30.5844,0.048173,0.046906
0,headcirc,232,33.1429,-48,30.7047,0.047959,0.046632
0,headcirc,233,33.2857,-47,30.8238,0.047745,0.046358
0,headcirc,234,33.4286,-46,30.9417,0.04753,0.046086
0,headcirc,235,33.5714,-45,31.0583,0.047315,0.045814
0,headcirc,236,33.7143,-44,31.1736,0.047099,0.045544
0,headcirc,237,33.8571,-43,31.2875,0.046883,0.045275
0,headcirc,238,34.0,-42,31.4,0.046667,0.045007
0,headcirc,239,34.1429,-41,31.5115,0.04645,0.044741
0,headcirc,240,34.2857,-40,31.6223,0.046233,0.044475
0,headcirc,241,34.4286,-39,31.7323,0.046016,0.044211
0,headcirc,242,34.5714,-38,31.8417,0.045799,0.043949
0,headcirc,243,34.7143,-37,31.9503,0.045582,0.043687
0,headcirc,244,34.8571,-36,32.0582,0.045364,0.043428
0,headcirc,245,35.0,-35,32.1653,0.045147,0.043169
0,headcirc,246,35.1429,-34,32.2715,0.044929,0.042912
0,headcirc,247,35.2857,-33,32.377,0.044712,0.042657
0,headcirc,248,35.4286,-32,32.4816,0.044494,0.042403
0,headcirc,249,35.5714,-31,32.5854,0.044277,0.04215
0,headcirc,250,35.7143,-30,32.6883,0.04406,0.041899
0,headcirc,251,35.8571,-29,32.7903,0.043843,0.04165
0,headcirc,252,36.0,-28,32.8913,0.043626,0.041403
0,headcirc,253,36.1429,-27,32.9915,0.043409,0.041157
0,headcirc,254,36.2857,-26,33.0907,0.043192,0.040912
0,headcirc,255,36.4286,-25,33.1889,0.042976,0.04067
0,headcirc,256,36.5714,-24,33.2862,0.04276,0.040429
0,headcirc,257,36.7143,-23,33.3824,0.042545,0.04019
0,headcirc,258,36.8571,-22,33.4776,0.04233,0.039953
0,headcirc,259,37.0,-21,33.5718,0.042115,0.039718
0,headcirc,260,37.1429,-20,33.6648,0.041901,0.039484
0,headcirc,261,37.2857,-19,33.7569,0.041687,0.039253
0,headcirc,262,37.4286,-18,33.8478,0.041474,0.039023
0,headcirc,263,37.5714,-17,33.9376,0.041262,0.038796
0,headcirc,264,37.7143,-16,34.0262,0.04105,0.03857
0,headcirc,265,37.8571,-15,34.1137,0.040839,0.038347
0,headcirc,266,38.0,-14,34.2,0.040628,0.038125
0,headcirc,267,38.1429,-13,34.2852,0.040418,0.037906
0,headcirc,268,38.2857,-12,34.3695,0.040209,0.037688
0,headcirc,269,38.4286,-11,34.4529,0.040001,0.037473
0,headcirc,270,38.5714,-10,34.5354,0.039793,0.03726
0,headcirc,271,38.7143,-9,34.6169,0.039587,0.037049
0,headcirc,272,38.8571,-8,34.6977,0.039381,0.036841
0,headcirc,273,39.0,-7,34.7775,0.039176,0.036634
0,headcirc,274,39.1429,-6,34.8566,0.038972,0.03643
0,headcirc,275,39.2857,-5,34.9349,0.03877,0.036229
0,headcirc,276,39.4286,-4,35.0124,0.038568,0.036029
0,headcirc,277,39.5714,-3,35.0892,0.038367,0.035832
0,headcirc,278,39.7143,-2,35.1652,0.038168,0.035638
0,headcirc,279,39.8571,-1,35.2405,0.037969,0.035446
0,headcirc,280,40.0,0,35.3151,0.037772,0.035256
0,headcirc,281,40.1429,1,35.3891,0.037576,0.035069
0,headcirc,282,40.2857,2,35.4624,0.037381,0.034884
0,headcirc,283,40.4286,3,35.5351,0.037188,0.034702
0,headcirc,284,40.5714,4,35.6072,0.036996,0.034523
0,headcirc,285,40.7143,5,35.6787,0.036805,0.034346
0,headcirc,286,40.8571,6,35.7497,0.036616,0.034172
0,headcirc,287,41.0,7,35.8201,0.036428,0.034
0,headcirc,288,41.1429,8,35.8901,0.036241,0.033832
0,headcirc,289,41.2857,9,35.9595,0.036057,0.033665
0,headcirc,290,41.4286,10,36.0284,0.035873,0.033502
0,headcirc,291,41.5714,11,36.097,0.035691,0.033342
0,headcirc,292,41.7143,12,36.165,0.035511,0.033184
0,headcirc,293,41.8571,13,36.2327,0.035333,0.033029
0,headcirc,294,42.0,14,36.3,0.035156,0.032877
0,headcirc,295,42.1429,15,36.3667,0.034981,0.032728
0,headcirc,296,42.2857,16,36.4327,0.034807,0.032582
0,headcirc,297,42.4286,17,36.4981,0.034636,0.032439
0,headcirc,298,42.5714,18,36.5627,0.034466,0.032299
0,headcirc,299,42.7143,19,36.6268,0.034298,0.032162
0,headcirc,300,42.8571,20,36.6902,0.034132,0.032028
0,headcirc,301,43.0,21,36.7531,0.033968,0.031897
0,headcirc,302,43.1429,22,36.8154,0.033806,0.031769
0,headcirc,303,43.2857,23,36.8773,0.033646,0.031645
0,headcirc,304,43.4286,24,36.9387,0.033488,0.031523
0,headcirc,305,43.5714,25,36.9996,0.033332,0.031405
0,headcirc,306,43.7143,26,37.0601,0.033178,0.03129
0,headcirc,307,43.8571,27,37.1203,0.033027,0.031179
0,headcirc,308,44.0,28,37.1801,0.032877,0.03107
0,headcirc,309,44.1429,29,37.2397,0.03273,0.030965
0,headcirc,310,44.2857,30,37.2989,0.032585,0.030863
0,headcirc,311,44.4286,31,37.3579,0.032442,0.030765
0,headcirc,312,44.5714,32,37.4167,0.032302,0.03067
0,headcirc,313,44.7143,33,37.4753,0.032164,0.030579
0,headcirc,314,44.8571,34,37.5338,0.032028,0.030491
0,headcirc,315,45.0,35,37.5921,0.031895,0.030407
0,headcirc,316,45.1429,36,37.6504,0.031765,0.030326
0,headcirc,317,45.2857,37,37.7086,0.031636,0.030248
0,headcirc,318,45.4286,38,37.7668,0.031511,0.030175
0,headcirc,319,45.5714,39,37.825,0.031388,0.030105
0,headcirc,320,45.7143,40,37.8832,0.031267,0.030038
0,headcirc,321,45.8571,41,37.9416,0.031149,0.029975
0,headcirc,322,46.0,42,38.0,0.031034,0.029916
0,headcirc,323,46.1429,43,38.0584,0.030922,0.029861
0,headcirc,324,46.2857,44,38.1167,0.030812,0.02981
0,headcirc,325,46.4286,45,38.1748,0.030706,0.029762
0,headcirc,326,46.5714,46,38.2328,0.030602,0.029718
0,headcirc,327,46.7143,47,38.2907,0.0305,0.029678
0,headcirc,328,46.8571,48,38.3484,0.030402,0.029642
0,headcirc,329,47.0,49,38.4059,0.030307,0.02961
0,headcirc,330,47.1429,50,38.4634,0.030215,0.029582
0,headcirc,331,47.2857,51,38.5206,0.030125,0.029558
0,headcirc,332,47.4286,52,38.5777,0.030039,0.029538
0,headcirc,333,47.5714,53,38.6347,0.029956,0.029522
0,headcirc,334,47.7143,54,38.6915,0.029876,0.029509
0,headcirc,335,47.8571,55,38.7482,0.029799,0.029502
0,headcirc,336,48.0,56,38.8047,0.029725,0.029498
0,headcirc,337,48.1429,57,38.8611,0.029655,0.029498
0,headcirc,338,48.2857,58,38.9173,0.029588,0.029503
0,headcirc,339,48.4286,59,38.9734,0.029524,0.029511
0,headcirc,340,48.5714,60,39.0293,0.029463,0.029525
0,headcirc,341,48.7143,61,39.0851,0.029406,0.029542
0,headcirc,342,48.8571,62,39.1407,0.029352,0.029564
0,headcirc,343,49.0,63,39.1961,0.029302,0.02959
0,headcirc,344,49.1429,64,39.2515,0.029255,0.02962
0,headcirc,345,49.2857,65,39.3066,0.029211,0.029655
0,headcirc,346,49.4286,66,39.3616,0.029171,0.029694
0,headcirc,347,49.5714,67,39.4164,0.029135,0.029738
0,headcirc,348,49.7143,68,39.4711,0.029102,0.029786
0,headcirc,349,49.8571,69,39.5256,0.029073,0.029838
0,headcirc,350,50.0,70,39.58,0.029048,0.029896
1,weight,157,22.4286,-123,485.0846,0.086173,0.144513
1,weight,158,22.5714,-122,494.9908,0.087433,0.144266
1,weight,159,22.7143,-121,505.1961,0.088683,0.14402
1,weight,160,22.8571,-120,515.6949,0.089922,0.143775
1,weight,161,23.0,-119,526.4819,0.091152,0.143531
1,weight,162,23.1429,-118,537.5517,0.09237,0.143288
1,weight,163,23.2857,-117,548.8989,0.093579,0.143046
1,weight,164,23.4286,-116,560.518,0.094777,0.142805
1,weight,165,23.5714,-115,572.4037,0.095965,0.142565
1,weight,166,23.7143,-114,584.5505,0.097142,0.142326
1,weight,167,23.8571,-113,596.953,0.09831,0.142087
1,weight,168,24.0,-112,609.6059,0.099466,0.14185
1,weight,169,24.1429,-111,622.5036,0.100613,0.141614
1,weight,170,24.2857,-110,635.6409,0.101749,0.141378
1,weight,171,24.4286,-109,649.0122,0.102875,0.141144
1,weight,172,24.5714,-108,662.6123,0.10399,0.14091
1,weight,173,24.7143,-107,676.4356,0.105095,0.140677
1,weight,174,24.8571,-106,690.4768,0.10619,0.140446
1,weight,175,25.0,-105,704.7304,0.107275,0.140215
1,weight,176,25.1429,-104,719.191,0.108349,0.139985
1,weight,177,25.2857,-103,733.8533,0.109412,0.139756
1,weight,178,25.4286,-102,748.7119,0.110466,0.139529
1,weight,179,25.5714,-101,763.7612,0.111509,0.139302
1,weight,180,25.7143,-100,778.9959,0.112542,0.139076
1,weight,181,25.8571,-99,794.4107,0.113564,0.138851
1,weight,182,26.0,-98,810.0,0.114576,0.138627
1,weight,183,26.1429,-97,825.8571,0.115578,0.138404
1,weight,184,26.2857,-96,842.0738,0.116569,0.138181
1,weight,185,26.4286,-95,858.6423,0.11755,0.13796
1,weight,186,26.5714,-94,875.5552,0.118521,0.13774
1,weight,187,26.7143,-93,892.8048,0.119482,0.137521
1,weight,188,26.8571,-92,910.3836,0.120432,0.137302
1,weight,189,27.0,-91,928.2839,0.121371,0.137085
1,weight,190,27.1429,-90,946.498,0.122301,0.136868
1,weight,191,27.2857,-89,965.0186,0.12322,0.136653
1,weight,192,27.4286,-88,983.8378,0.124129,0.136438
1,weight,193,27.5714,-87,1002.9482,0.125027,0.136225
1,weight,194,27.7143,-86,1022.342,0.125915,0.136012
1,weight,195,27.8571,-85,1042.0118,0.126793,0.1358
1,weight,196,28.0,-84,1061.9499,0.12766,0.13559
1,weight,197,28.1429,-83,1082.1487,0.128517,0.13538
1,weight,198,28.2857,-82,1102.6007,0.129364,0.135171
1,weight,199,28.4286,-81,1123.2981,0.1302,0.134963
1,weight,200,28.5714,-80,1144.2335,0.131026,0.134756
1,weight,201,28.7143,-79,1165.3992,0.131842,0.13455
1,weight,202,28.8571,-78,1186.7875,0.132647,0.134345
1,weight,203,29.0,-77,1208.391,0.133442,0.134141
1,weight,204,29.1429,-76,1230.202,0.134227,0.133938
1,weight,205,29.2857,-75,1252.2129,0.135001,0.133736
1,weight,206,29.4286,-74,1274.4161,0.135765,0.133534
1,weight,207,29.5714,-73,1296.804,0.136519,0.133334
1,weight,208,29.7143,-72,1319.3691,0.137262,0.133135
1,weight,209,29.8571,-71,1342.1036,0.137995,0.132936
1,weight,210,30.0,-70,1365.0,0.138718,0.132739
1,weight,211,30.1429,-69,1388.2193,0.13943,0.132542
1,weight,212,30.2857,-68,1411.9145,0.140132,0.132347
1,weight,213,30.4286,-67,1436.0655,0.140824,0.132152
1,weight,214,30.5714,-66,1460.6527,0.141505,0.131959
1,weight,215,30.7143,-65,1485.6561,0.142176,0.131766
1,weight,216,30.8571,-64,1511.056,0.142837,0.131574
1,weight,217,31.0,-63,1536.8324,0.143487,0.131383
1,weight,218,31.1429,-62,1562.9656,0.144127,0.131193
1,weight,219,31.2857,-61,1589.4357,0.144757,0.131005
1,weight,220,31.4286,-60,1616.2229,0.145376,0.130817
1,weight,221,31.5714,-59,1643.3074,0.145985,0.13063
1,weight,222,31.7143,-58,1670.6693,0.146583,0.130443
1,weight,223,31.8571,-57,1698.2887,0.147172,0.130258
1,weight,224,32.0,-56,1726.1459,0.14775,0.130074
1,weight,225,32.1429,-55,1754.2209,0.148317,0.129891
1,weight,226,32.2857,-54,1782.4941,0.148874,0.129709
1,weight,227,32.4286,-53,1810.9454,0.149421,0.129527
1,weight,228,32.5714,-52,1839.5552,0.149958,0.129347
1,weight,229,32.7143,-51,1868.3035,0.150484,0.129168
1,weight,230,32.8571,-50,1897.1705,0.151,0.128989
1,weight,231,33.0,-49,1926.1364,0.151506,0.128812
1,weight,232,33.1429,-48,1955.1814,0.152001,0.128635
1,weight,233,33.2857,-47,1984.2855,0.152486,0.12846
1,weight,234,33.4286,-46,2013.429,0.15296,0.128285
1,weight,235,33.5714,-45,2042.592,0.153425,0.128111
1,weight,236,33.7143,-44,2071.7548,0.153879,0.127938
1,weight,237,33.8571,-43,2100.8974,0.154322,0.127767
1,weight,238,34.0,-42,2130.0,0.154755,0.127596
1,weight,239,34.1429,-41,2159.2609,0.155178,0.127426
1,weight,240,34.2857,-40,2188.8746,0.155591,0.127257
1,weight,241,34.4286,-39,2218.8159,0.155993,0.127089
1,weight,242,34.5714,-38,2249.0596,0.156385,0.126922
1,weight,243,34.7143,-37,2279.5804,0.156766,0.126756
1,weight,244,34.8571,-36,2310.3531,0.157138,0.126591
1,weight,245,35.0,-35,2341.3525,0.157498,0.126426
1,weight,246,35.1429,-34,2372.5532,0.157849,0.126263
1,weight,247,35.2857,-33,2403.9302,0.158189,0.126101
1,weight,248,35.4286,-32,2435.4581,0.158519,0.12594
1,weight,249,35.5714,-31,2467.1117,0.158839,0.125779
1,weight,250,35.7143,-30,2498.8658,0.159148,0.12562
1,weight,251,35.8571,-29,2530.6951,0.159447,0.125461
1,weight,252,36.0,-28,2562.5744,0.159735,0.125304
1,weight,253,36.1429,-27,2594.4785,0.160013,0.125147
1,weight,254,36.2857,-26,2626.382,0.160281,0.124991
1,weight,255,36.4286,-25,2658.2599,0.160539,0.124837
1,weight,256,36.5714,-24,2690.0868,0.160786,0.124683
1,weight,257,36.7143,-23,2721.8374,0.161022,0.12453
1,weight,258,36.8571,-22,2753.4867,0.161249,0.124378
1,weight,259,37.0,-21,2785.0092,0.161465,0.124227
1,weight,260,37.1429,-20,2816.3798,0.161671,0.124077
1,weight,261,37.2857,-19,2847.5733,0.161866,0.123928
1,weight,262,37.4286,-18,2878.5644,0.162052,0.12378
1,weight,263,37.5714,-17,2909.3278,0.162226,0.123633
1,weight,264,37.7143,-16,2939.8384,0.162391,0.123487
1,weight,265,37.8571,-15,2970.0709,0.162545,0.123342
1,weight,266,38.0,-14,3000.0,0.162689,0.123198
1,weight,267,38.1429,-13,3029.72,0.162822,0.123054
1,weight,268,38.2857,-12,3059.343,0.162945,0.122912
1,weight,269,38.4286,-11,3088.8704,0.163058,0.122771
1,weight,270,38.5714,-10,3118.3034,0.16316,0.12263
1,weight,271,38.7143,-9,3147.6435,0.163253,0.122491
1,weight,272,38.8571,-8,3176.8921,0.163334,0.122352
1,weight,273,39.0,-7,3206.0505,0.163406,0.122214
1,weight,274,39.1429,-6,3235.1202,0.163467,0.122078
1,weight,275,39.2857,-5,3264.1025,0.163518,0.121942
1,weight,276,39.4286,-4,3292.9988,0.163558,0.121807
1,weight,277,39.5714,-3,3321.8104,0.163588,0.121674
1,weight,278,39.7143,-2,3350.5388,0.163608,0.121541
1,weight,279,39.8571,-1,3379.1854,0.163617,0.121409
1,weight,280,40.0,0,3407.7515,0.163616,0.121278
1,weight,281,40.1429,1,3436.2385,0.163605,0.121148
1,weight,282,40.2857,2,3464.6477,0.163583,0.121019
1,weight,283,40.4286,3,3492.9807,0.163551,0.120891
1,weight,284,40.5714,4,3521.2387,0.163509,0.120764
1,weight,285,40.7143,5,3549.4231,0.163457,0.120637
1,weight,286,40.8571,6,3577.5353,0.163394,0.120512
1,weight,287,41.0,7,3605.5767,0.16332,0.120388
1,weight,288,41.1429,8,3633.5487,0.163237,0.120264
1,weight,289,41.2857,9,3661.4526,0.163143,0.120142
1,weight,290,41.4286,10,3689.2899,0.163038,0.120021
1,weight,291,41.5714,11,3717.0619,0.162924,0.1199
1,weight,292,41.7143,12,3744.77,0.162799,0.119781
1,weight,293,41.8571,13,3772.4156,0.162664,0.119662
1,weight,294,42.0,14,3800.0,0.162518,0.119544
1,weight,295,42.1429,15,3827.4457,0.162362,0.119428
1,weight,296,42.2857,16,3854.6854,0.162196,0.119312
1,weight,297,42.4286,17,3881.7356,0.162019,0.119197
1,weight,298,42.5714,18,3908.613,0.161832,0.119083
1,weight,299,42.7143,19,3935.3341,0.161635,0.11897
1,weight,300,42.8571,20,3961.9156,0.161427,0.118858
1,weight,301,43.0,21,3988.3741,0.161209,0.118747
1,weight,302,43.1429,22,4014.7261,0.160981,0.118637
1,weight,303,43.2857,23,4040.9884,0.160742,0.118528
1,weight,304,43.4286,24,4067.1774,0.160493,0.11842
1,weight,305,43.5714,25,4093.3099,0.160234,0.118313
1,weight,306,43.7143,26,4119.4024,0.159964,0.118207
1,weight,307,43.8571,27,4145.4715,0.159684,0.118101
1,weight,308,44.0,28,4171.5339,0.159393,0.117997
1,weight,309,44.1429,29,4197.6062,0.159093,0.117893
1,weight,310,44.2857,30,4223.7049,0.158782,0.117791
1,weight,311,44.4286,31,4249.8467,0.15846,0.11769
1,weight,312,44.5714,32,4276.0482,0.158129,0.117589
1,weight,313,44.7143,33,4302.3259,0.157787,0.117489
1,weight,314,44.8571,34,4328.6966,0.157434,0.117391
1,weight,315,45.0,35,4355.1768,0.157071,0.117293
1,weight,316,45.1429,36,4381.7832,0.156698,0.117196
1,weight,317,45.2857,37,4408.5322,0.156315,0.1171
1,weight,318,45.4286,38,4435.4406,0.155921,0.117006
1,weight,319,45.5714,39,4462.525,0.155517,0.116912
1,weight,320,45.7143,40,4489.802,0.155103,0.116819
1,weight,321,45.8571,41,4517.2881,0.154678,0.116727
1,weight,322,46.0,42,4545.0,0.154243,0.116636
1,weight,323,46.1429,43,4572.8803,0.153798,0.116546
1,weight,324,46.2857,44,4600.8601,0.153342,0.116456
1,weight,325,46.4286,45,4628.939,0.152876,0.116368
1,weight,326,46.5714,46,4657.1166,0.152399,0.116281
1,weight,327,46.7143,47,4685.3923,0.151912,0.116195
1,weight,328,46.8571,48,4713.7659,0.151415,0.116109
1,weight,329,47.0,49,4742.2367,0.150908,0.116025
1,weight,330,47.1429,50,4770.8043,0.15039,0.115942
1,weight,331,47.2857,51,4799.4684,0.149862,0.115859
1,weight,332,47.4286,52,4828.2283,0.149324,0.115777
1,weight,333,47.5714,53,4857.0838,0.148775,0.115697
1,weight,334,47.7143,54,4886.0343,0.148216,0.115617
1,weight,335,47.8571,55,4915.0795,0.147646,0.115539
1,weight,336,48.0,56,4944.2187,0.147066,0.115461
1,weight,337,48.1429,57,4973.4516,0.146476,0.115384
1,weight,338,48.2857,58,5002.7778,0.145876,0.115308
1,weight,339,48.4286,59,5032.1968,0.145265,0.115233
1,weight,340,48.5714,60,5061.708,0.144644,0.115159
1,weight,341,48.7143,61,5091.3112,0.144012,0.115086
1,weight,342,48.8571,62,5121.0058,0.143371,0.115014
1,weight,343,49.0,63,5150.7914,0.142718,0.114943
1,weight,344,49.1429,64,5180.6675,0.142056,0.114873
1,weight,345,49.2857,65,5210.6337,0.141383,0.114804
1,weight,346,49.4286,66,5240.6895,0.1407,0.114736
1,weight,347,49.5714,67,5270.8345,0.140006,0.114668
1,weight,348,49.7143,68,5301.0682,0.139303,0.114602
1,weight,349,49.8571,69,5331.3902,0.138588,0.114536
1,weight,350,50.0,70,5361.8,0.137864,0.114472
1,length,164,23.4286,-116,29.5054,0.09038,0.082057
1,length,165,23.5714,-115,29.6947,0.089437,0.0815
1,length,166,23.7143,-114,29.8846,0.088508,0.080948
1,length,167,23.8571,-113,30.0749,0.087594,0.080401
1,length,168,24.0,-112,30.2657,0.086694,0.079859
1,length,169,24.1429,-111,30.4571,0.085808,0.079322
1,length,170,24.2857,-110,30.649,0.084936,0.07879
1,length,171,24.4286,-109,30.8415,0.084078,0.078263
1,length,172,24.5714,-108,31.0345,0.083234,0.077741
1,length,173,24.7143,-107,31.2281,0.082404,0.077224
1,length,174,24.8571,-106,31.4224,0.081587,0.076712
1,length,175,25.0,-105,31.6173,0.080784,0.076205
1,length,176,25.1429,-104,31.8128,0.079994,0.075702
1,length,177,25.2857,-103,32.0089,0.079217,0.075204
1,length,178,25.4286,-102,32.2057,0.078453,0.074711
1,length,179,25.5714,-101,32.4032,0.077702,0.074223
1,length,180,25.7143,-100,32.6014,0.076964,0.073739
1,length,181,25.8571,-99,32.8004,0.076239,0.07326
1,length,182,26.0,-98,33.0,0.075526,0.072786
1,length,183,26.1429,-97,33.2009,0.074825,0.072316
1,length,184,26.2857,-96,33.4035,0.074137,0.071851
1,length,185,26.4286,-95,33.6076,0.073461,0.07139
1,length,186,26.5714,-94,33.8132,0.072797,0.070934
1,length,187,26.7143,-93,34.02,0.072145,0.070483
1,length,188,26.8571,-92,34.2279,0.071505,0.070036
1,length,189,27.0,-91,34.4368,0.070877,0.069593
1,length,190,27.1429,-90,34.6465,0.07026,0.069155
1,length,191,27.2857,-89,34.8569,0.069655,0.068721
1,length,192,27.4286,-88,35.0679,0.06906,0.068291
1,length,193,27.5714,-87,35.2793,0.068477,0.067866
1,length,194,27.7143,-86,35.491,0.067906,0.067445
1,length,195,27.8571,-85,35.7028,0.067345,0.067028
1,length,196,28.0,-84,35.9146,0.066794,0.066616
1,length,197,28.1429,-83,36.1263,0.066255,0.066207
1,length,198,28.2857,-82,36.3376,0.065726,0.065803
1,length,199,28.4286,-81,36.5485,0.065208,0.065403
1,length,200,28.5714,-80,36.7589,0.064699,0.065007
1,length,201,28.7143,-79,36.9685,0.064201,0.064615
1,length,202,28.8571,-78,37.1773,0.063714,0.064228
1,length,203,29.0,-77,37.3851,0.063236,0.063844
1,length,204,29.1429,-76,37.5918,0.062767,0.063464
1,length,205,29.2857,-75,37.7972,0.062309,0.063089
1,length,206,29.4286,-74,38.0011,0.06186,0.062717
1,length,207,29.5714,-73,38.2035,0.061421,0.062349
1,length,208,29.7143,-72,38.4043,0.060991,0.061985
1,length,209,29.8571,-71,38.6031,0.06057,0.061625
1,length,210,30.0,-70,38.8,0.060158,0.061268
1,length,211,30.1429,-69,38.9958,0.059755,0.060916
1,length,212,30.2857,-68,39.1915,0.059361,0.060567
1,length,213,30.4286,-67,39.387,0.058975,0.060222
1,length,214,30.5714,-66,39.5823,0.058598,0.05988
1,length,215,30.7143,-65,39.7772,0.05823,0.059543
1,length,216,30.8571,-64,39.9718,0.05787,0.059209
1,length,217,31.0,-63,40.1658,0.057518,0.058878
1,length,218,31.1429,-62,40.3593,0.057174,0.058551
1,length,219,31.2857,-61,40.5522,0.056838,0.058228
1,length,220,31.4286,-60,40.7444,0.05651,0.057908
1,length,221,31.5714,-59,40.9358,0.05619,0.057592
1,length,222,31.7143,-58,41.1263,0.055877,0.057279
1,length,223,31.8571,-57,41.316,0.055572,0.05697
1,length,224,32.0,-56,41.5046,0.055274,0.056664
1,length,225,32.1429,-55,41.6922,0.054983,0.056362
1,length,226,32.2857,-54,41.8786,0.054699,0.056063
1,length,227,32.4286,-53,42.0638,0.054423,0.055767
1,length,228,32.5714,-52,42.2478,0.054153,0.055474
1,length,229,32.7143,-51,42.4303,0.053889,0.055185
1,length,230,32.8571,-50,42.6115,0.053633,0.054899
1,length,231,33.0,-49,42.7911,0.053382,0.054616
1,length,232,33.1429,-48,42.9691,0.053138,0.054336
1,length,233,33.2857,-47,43.1455,0.052901,0.05406
1,length,234,33.4286,-46,43.3202,0.052669,0.053787
1,length,235,33.5714,-45,43.493,0.052443,0.053516
1,length,236,33.7143,-44,43.664,0.052224,0.053249
1,length,237,33.8571,-43,43.833,0.052009,0.052985
1,length,238,34.0,-42,44.0,0.051801,0.052724
1,length,239,34.1429,-41,44.1652,0.051598,0.052466
1,length,240,34.2857,-40,44.329,0.0514,0.052211
1,length,241,34.4286,-39,44.4915,0.051207,0.051958
1,length,242,34.5714,-38,44.6525,0.05102,0.051709
1,length,243,34.7143,-37,44.8123,0.050837,0.051462
1,length,244,34.8571,-36,44.9708,0.05066,0.051219
1,length,245,35.0,-35,45.128,0.050487,0.050978
1,length,246,35.1429,-34,45.284,0.050318,0.05074
1,length,247,35.2857,-33,45.4388,0.050154,0.050504
1,length,248,35.4286,-32,45.5924,0.049995,0.050272
1,length,249,35.5714,-31,45.745,0.049839,0.050042
1,length,250,35.7143,-30,45.8964,0.049688,0.049814
1,length,251,35.8571,-29,46.0468,0.049541,0.04959
1,length,252,36.0,-28,46.1962,0.049397,0.049368
1,length,253,36.1429,-27,46.3446,0.049257,0.049148
1,length,254,36.2857,-26,46.4921,0.049121,0.048931
1,length,255,36.4286,-25,46.6387,0.048988,0.048717
1,length,256,36.5714,-24,46.7843,0.048859,0.048505
1,length,257,36.7143,-23,46.9291,0.048732,0.048295
1,length,258,36.8571,-22,47.0731,0.048609,0.048088
1,length,259,37.0,-21,47.2164,0.048489,0.047884
1,length,260,37.1429,-20,47.3589,0.048372,0.047681
1,length,261,37.2857,-19,47.5006,0.048257,0.047482
1,length,262,37.4286,-18,47.6417,0.048145,0.047284
1,length,263,37.5714,-17,47.7822,0.048036,0.047089
1,length,264,37.7143,-16,47.922,0.047928,0.046895
1,length,265,37.8571,-15,48.0613,0.047823,0.046705
1,length,266,38.0,-14,48.2,0.04772,0.046516
1,length,267,38.1429,-13,48.3381,0.047619,0.046329
1,length,268,38.2857,-12,48.4753,0.04752,0.046145
1,length,269,38.4286,-11,48.6118,0.047423,0.045963
1,length,270,38.5714,-10,48.7475,0.047327,0.045783
1,length,271,38.7143,-9,48.8825,0.047233,0.045604
1,length,272,38.8571,-8,49.0167,0.04714,0.045428
1,length,273,39.0,-7,49.1502,0.047048,0.045254
1,length,274,39.1429,-6,49.2829,0.046957,0.045082
1,length,275,39.2857,-5,49.415,0.046867,0.044912
1,length,276,39.4286,-4,49.5463,0.046779,0.044744
1,length,277,39.5714,-3,49.6769,0.04669,0.044577
1,length,278,39.7143,-2,49.8068,0.046603,0.044412
1,length,279,39.8571,-1,49.936,0.046516,0.04425
1,length,280,40.0,0,50.0646,0.046429,0.044089
1,length,281,40.1429,1,50.1925,0.046342,0.04393
1,length,282,40.2857,2,50.3198,0.046256,0.043772
1,length,283,40.4286,3,50.4464,0.04617,0.043616
1,length,284,40.5714,4,50.5724,0.046083,0.043462
1,length,285,40.7143,5,50.6978,0.045996,0.04331
1,length,286,40.8571,6,50.8226,0.045909,0.043159
1,length,287,41.0,7,50.9467,0.045821,0.04301
1,length,288,41.1429,8,51.0703,0.045732,0.042862
1,length,289,41.2857,9,51.1933,0.045643,0.042716
1,length,290,41.4286,10,51.3157,0.045553,0.042571
1,length,291,41.5714,11,51.4376,0.045462,0.042428
1,length,292,41.7143,12,51.559,0.04537,0.042286
1,length,293,41.8571,13,51.6797,0.045276,0.042146
1,length,294,42.0,14,51.8,0.045181,0.042007
1,length,295,42.1429,15,51.9196,0.045085,0.041869
1,length,296,42.2857,16,52.0383,0.044986,0.041733
1,length,297,42.4286,17,52.1563,0.044886,0.041598
1,length,298,42.5714,18,52.2734,0.044785,0.041464
1,length,299,42.7143,19,52.3899,0.044681,0.041331
1,length,300,42.8571,20,52.5057,0.044575,0.0412
1,length,301,43.0,21,52.6208,0.044467,0.04107
1,length,302,43.1429,22,52.7353,0.044356,0.040941
1,length,303,43.2857,23,52.8492,0.044243,0.040813
1,length,304,43.4286,24,52.9626,0.044127,0.040687
1,length,305,43.5714,25,53.0754,0.044008,0.040561
1,length,306,43.7143,26,53.1878,0.043887,0.040436
1,length,307,43.8571,27,53.2997,0.043762,0.040313
1,length,308,44.0,28,53.4112,0.043635,0.04019
1,length,309,44.1429,29,53.5224,0.043504,0.040068
1,length,310,44.2857,30,53.6332,0.04337,0.039947
1,length,311,44.4286,31,53.7438,0.043232,0.039827
1,length,312,44.5714,32,53.854,0.04309,0.039708
1,length,313,44.7143,33,53.9641,0.042945,0.03959
1,length,314,44.8571,34,54.0739,0.042796,0.039473
1,length,315,45.0,35,54.1836,0.042643,0.039356
1,length,316,45.1429,36,54.2932,0.042486,0.03924
1,length,317,45.2857,37,54.4026,0.042324,0.039125
1,length,318,45.4286,38,54.5121,0.042158,0.039011
1,length,319,45.5714,39,54.6215,0.041988,0.038897
1,length,320,45.7143,40,54.7309,0.041813,0.038784
1,length,321,45.8571,41,54.8404,0.041633,0.038671
1,length,322,46.0,42,54.95,0.041448,0.038559
1,length,323,46.1429,43,55.0595,0.041259,0.038447
1,length,324,46.2857,44,55.1689,0.041064,0.038336
1,length,325,46.4286,45,55.2781,0.040864,0.038226
1,length,326,46.5714,46,55.3871,0.040658,0.038116
1,length,327,46.7143,47,55.4958,0.040447,0.038006
1,length,328,46.8571,48,55.6044,0.04023,0.037897
1,length,329,47.0,49,55.7128,0.040008,0.037788
1,length,330,47.1429,50,55.8211,0.03978,0.03768
1,length,331,47.2857,51,55.9291,0.039545,0.037571
1,length,332,47.4286,52,56.0369,0.039305,0.037463
1,length,333,47.5714,53,56.1445,0.039058,0.037356
1,length,334,47.7143,54,56.252,0.038805,0.037248
1,length,335,47.8571,55,56.3592,0.038546,0.037141
1,length,336,48.0,56,56.4663,0.03828,0.037034
1,length,337,48.1429,57,56.5731,0.038007,0.036927
1,length,338,48.2857,58,56.6798,0.037727,0.03682
1,length,339,48.4286,59,56.7862,0.03744,0.036713
1,length,340,48.5714,60,56.8925,0.037146,0.036607
1,length,341,48.7143,61,56.9985,0.036845,0.0365
1,length,342,48.8571,62,57.1044,0.036536,0.036393
1,length,343,49.0,63,57.21,0.03622,0.036286
1,length,344,49.1429,64,57.3155,0.035896,0.036179
1,length,345,49.2857,65,57.4207,0.035565,0.036073
1,length,346,49.4286,66,57.5258,0.035226,0.035965
1,length,347,49.5714,67,57.6307,0.034878,0.035858
1,length,348,49.7143,68,57.7353,0.034523,0.035751
1,length,349,49.8571,69,57.8398,0.034159,0.035643
1,length,350,50.0,70,57.944,0.033787,0.035535
1,headcirc,157,22.4286,-123,19.3262,0.069164,0.067278
1,headcirc,158,22.5714,-122,19.4738,0.068812,0.067008
1,headcirc,159,22.7143,-121,19.6216,0.068461,0.066739
1,headcirc,160,22.8571,-120,19.7695,0.068112,0.066471
1,headcirc,161,23.0,-119,19.9175,0.067765,0.066204
1,headcirc,162,23.1429,-118,20.0656,0.067419,0.065938
1,headcirc,163,23.2857,-117,20.2138,0.067075,0.065672
1,headcirc,164,23.4286,-116,20.3621,0.066732,0.065407
1,headcirc,165,23.5714,-115,20.5105,0.066392,0.065144
1,headcirc,166,23.7143,-114,20.659,0.066053,0.064881
1,headcirc,167,23.8571,-113,20.8076,0.065715,0.064619
1,headcirc,168,24.0,-112,20.9563,0.06538,0.064358
1,headcirc,169,24.1429,-111,21.1051,0.065046,0.064097
1,headcirc,170,24.2857,-110,21.2541,0.064713,0.063838
1,headcirc,171,24.4286,-109,21.4031,0.064383,0.06358
1,headcirc,172,24.5714,-108,21.5523,0.064054,0.063322
1,headcirc,173,24.7143,-107,21.7015,0.063726,0.063065
1,headcirc,174,24.8571,-106,21.8509,0.063401,0.062809
1,headcirc,175,25.0,-105,22.0004,0.063077,0.062554
1,headcirc,176,25.1429,-104,22.15,0.062755,0.0623
1,headcirc,177,25.2857,-103,22.2997,0.062434,0.062046
1,headcirc,178,25.4286,-102,22.4496,0.062115,0.061794
1,headcirc,179,25.5714,-101,22.5995,0.061798,0.061542
1,headcirc,180,25.7143,-100,22.7496,0.061482,0.061292
1,headcirc,181,25.8571,-99,22.8997,0.061168,0.061042
1,headcirc,182,26.0,-98,23.05,0.060856,0.060793
1,headcirc,183,26.1429,-97,23.2008,0.060545,0.060545
1,headcirc,184,26.2857,-96,23.3526,0.060237,0.060297
1,headcirc,185,26.4286,-95,23.5052,0.059929,0.060051
1,headcirc,186,26.5714,-94,23.6585,0.059624,0.059805
1,headcirc,187,26.7143,-93,23.8125,0.05932,0.059561
1,headcirc,188,26.8571,-92,23.967,0.059018,0.059317
1,headcirc,189,27.0,-91,24.1219,0.058717,0.059074
1,headcirc,190,27.1429,-90,24.2772,0.058419,0.058832
1,headcirc,191,27.2857,-89,24.4327,0.058121,0.058591
1,headcirc,192,27.4286,-88,24.5883,0.057826,0.05835
1,headcirc,193,27.5714,-87,24.744,0.057532,0.058111
1,headcirc,194,27.7143,-86,24.8996,0.05724,0.057872
1,headcirc,195,27.8571,-85,25.0551,0.05695,0.057635
1,headcirc,196,28.0,-84,25.2103,0.056661,0.057398
1,headcirc,197,28.1429,-83,25.3651,0.056374,0.057162
1,headcirc,198,28.2857,-82,25.5195,0.056088,0.056927
1,headcirc,199,28.4286,-81,25.6733,0.055805,0.056692
1,headcirc,200,28.5714,-80,25.8265,0.055522,0.056459
1,headcirc,201,28.7143,-79,25.9789,0.055242,0.056226
1,headcirc,202,28.8571,-78,26.1304,0.054963,0.055995
1,headcirc,203,29.0,-77,26.281,0.054686,0.055764
1,headcirc,204,29.1429,-76,26.4305,0.054411,0.055534
1,headcirc,205,29.2857,-75,26.5789,0.054137,0.055305
1,headcirc,206,29.4286,-74,26.726,0.053865,0.055077
1,headcirc,207,29.5714,-73,26.8718,0.053595,0.054849
1,headcirc,208,29.7143,-72,27.0161,0.053326,0.054623
1,headcirc,209,29.8571,-71,27.1589,0.053059,0.054397
1,headcirc,210,30.0,-70,27.3,0.052794,0.054173
1,headcirc,211,30.1429,-69,27.4401,0.05253,0.053949
1,headcirc,212,30.2857,-68,27.5799,0.052268,0.053726
1,headcirc,213,30.4286,-67,27.7194,0.052008,0.053504
1,headcirc,214,30.5714,-66,27.8584,0.051749,0.053282
1,headcirc,215,30.7143,-65,27.997,0.051492,0.053062
1,headcirc,216,30.8571,-64,28.135,0.051237,0.052842
1,headcirc,217,31.0,-63,28.2725,0.050984,0.052624
1,headcirc,218,31.1429,-62,28.4095,0.050732,0.052406
1,headcirc,219,31.2857,-61,28.5457,0.050481,0.052189
1,headcirc,220,31.4286,-60,28.6813,0.050233,0.051973
1,headcirc,221,31.5714,-59,28.8162,0.049986,0.051758
1,headcirc,222,31.7143,-58,28.9502,0.049741,0.051543
1,headcirc,223,31.8571,-57,29.0835,0.049497,0.05133
1,headcirc,224,32.0,-56,29.2158,0.049255,0.051117
1,headcirc,225,32.1429,-55,29.3472,0.049015,0.050906
1,headcirc,226,32.2857,-54,29.4777,0.048777,0.050695
1,headcirc,227,32.4286,-53,29.6071,0.04854,0.050485
1,headcirc,228,32.5714,-52,29.7355,0.048305,0.050276
1,headcirc,229,32.7143,-51,29.8627,0.048071,0.050067
1,headcirc,230,32.8571,-50,29.9888,0.047839,0.04986
1,headcirc,231,33.0,-49,30.1137,0.047609,0.049653
1,headcirc,232,33.1429,-48,30.2373,0.047381,0.049448
1,headcirc,233,33.2857,-47,30.3596,0.047154,0.049243
1,headcirc,234,33.4286,-46,30.4806,0.046929,0.049039
1,headcirc,235,33.5714,-45,30.6001,0.046705,0.048836
1,headcirc,236,33.7143,-44,30.7183,0.046484,0.048634
1,headcirc,237,33.8571,-43,30.8349,0.046263,0.048432
1,headcirc,238,34.0,-42,30.95,0.046045,0.048232
1,headcirc,239,34.1429,-41,31.0642,0.045828,0.048032
1,headcirc,240,34.2857,-40,31.1782,0.045613,0.047834
1,headcirc,241,34.4286,-39,31.2919,0.0454,0.047636
1,headcirc,242,34.5714,-38,31.4052,0.045188,0.047439
1,headcirc,243,34.7143,-37,31.518,0.044978,0.047243
1,headcirc,244,34.8571,-36,31.6303,0.04477,0.047047
1,headcirc,245,35.0,-35,31.742,0.044563,0.046853
1,headcirc,246,35.1429,-34,31.8529,0.044358,0.046659
1,headcirc,247,35.2857,-33,31.9631,0.044155,0.046467
1,headcirc,248,35.4286,-32,32.0724,0.043953,0.046275
1,headcirc,249,35.5714,-31,32.1807,0.043753,0.046084
1,headcirc,250,35.7143,-30,32.2881,0.043555,0.045894
1,headcirc,251,35.8571,-29,32.3943,0.043358,0.045705
1,headcirc,252,36.0,-28,32.4993,0.043163,0.045516
1,headcirc,253,36.1429,-27,32.603,0.04297,0.045329
1,headcirc,254,36.2857,-26,32.7054,0.042778,0.045142
1,headcirc,255,36.4286,-25,32.8064,0.042588,0.044956
1,headcirc,256,36.5714,-24,32.9059,0.0424,0.044772
1,headcirc,257,36.7143,-23,33.0038,0.042213,0.044588
1,headcirc,258,36.8571,-22,33.1,0.042029,0.044404
1,headcirc,259,37.0,-21,33.1944,0.041845,0.044222
1,headcirc,260,37.1429,-20,33.2871,0.041664,0.044041
1,headcirc,261,37.2857,-19,33.3778,0.041484,0.04386
1,headcirc,262,37.4286,-18,33.4665,0.041306,0.043681
1,headcirc,263,37.5714,-17,33.5532,0.041129,0.043502
1,headcirc,264,37.7143,-16,33.6377,0.040954,0.043324
1,headcirc,265,37.8571,-15,33.72,0.040781,0.043147
1,headcirc,266,38.0,-14,33.8,0.04061,0.042971
1,headcirc,267,38.1429,-13,33.8781,0.04044,0.042795
1,headcirc,268,38.2857,-12,33.955,0.040272,0.042621
1,headcirc,269,38.4286,-11,34.0305,0.040105,0.042447
1,headcirc,270,38.5714,-10,34.1049,0.03994,0.042274
1,headcirc,271,38.7143,-9,34.178,0.039777,0.042103
1,headcirc,272,38.8571,-8,34.25,0.039616,0.041932
1,headcirc,273,39.0,-7,34.3208,0.039456,0.041761
1,headcirc,274,39.1429,-6,34.3905,0.039298,0.041592
1,headcirc,275,39.2857,-5,34.4591,0.039141,0.041424
1,headcirc,276,39.4286,-4,34.5267,0.038987,0.041256
1,headcirc,277,39.5714,-3,34.5932,0.038834,0.041089
1,headcirc,278,39.7143,-2,34.6588,0.038682,0.040924
1,headcirc,279,39.8571,-1,34.7234,0.038532,0.040759
1,headcirc,280,40.0,0,34.7871,0.038384,0.040595
1,headcirc,281,40.1429,1,34.8499,0.038238,0.040431
1,headcirc,282,40.2857,2,34.9119,0.038093,0.040269
1,headcirc,283,40.4286,3,34.973,0.03795,0.040108
1,headcirc,284,40.5714,4,35.0333,0.037809,0.039947
1,headcirc,285,40.7143,5,35.0929,0.037669,0.039787
1,headcirc,286,40.8571,6,35.1517,0.037531,0.039628
1,headcirc,287,41.0,7,35.2099,0.037395,0.03947
1,headcirc,288,41.1429,8,35.2674,0.03726,0.039313
1,headcirc,289,41.2857,9,35.3242,0.037127,0.039157
1,headcirc,290,41.4286,10,35.3804,0.036996,0.039002
1,headcirc,291,41.5714,11,35.4361,0.036866,0.038847
1,headcirc,292,41.7143,12,35.4912,0.036738,0.038693
1,headcirc,293,41.8571,13,35.5459,0.036612,0.038541
1,headcirc,294,42.0,14,35.6,0.036488,0.038389
1,headcirc,295,42.1429,15,35.6531,0.036365,0.038238
1,headcirc,296,42.2857,16,35.7048,0.036243,0.038087
1,headcirc,297,42.4286,17,35.7552,0.036124,0.037938
1,headcirc,298,42.5714,18,35.8043,0.036006,0.03779
1,headcirc,299,42.7143,19,35.8522,0.03589,0.037642
1,headcirc,300,42.8571,20,35.8992,0.035775,0.037495
1,headcirc,301,43.0,21,35.9452,0.035662,0.037349
1,headcirc,302,43.1429,22,35.9905,0.035551,0.037204
1,headcirc,303,43.2857,23,36.035,0.035442,0.03706
1,headcirc,304,43.4286,24,36.079,0.035334,0.036917
1,headcirc,305,43.5714,25,36.1225,0.035228,0.036775
1,headcirc,306,43.7143,26,36.1657,0.035123,0.036633
1,headcirc,307,43.8571,27,36.2087,0.03502,0.036492
1,headcirc,308,44.0,28,36.2515,0.034919,0.036353
1,headcirc,309,44.1429,29,36.2943,0.03482,0.036214
1,headcirc,310,44.2857,30,36.3372,0.034722,0.036076
1,headcirc,311,44.4286,31,36.3803,0.034626,0.035938
1,headcirc,312,44.5714,32,36.4237,0.034531,0.035802
1,headcirc,313,44.7143,33,36.4675,0.034438,0.035666
1,headcirc,314,44.8571,34,36.5119,0.034347,0.035532
1,headcirc,315,45.0,35,36.557,0.034258,0.035398
1,headcirc,316,45.1429,36,36.6028,0.03417,0.035265
1,headcirc,317,45.2857,37,36.6495,0.034084,0.035133
1,headcirc,318,45.4286,38,36.6972,0.034,0.035002
1,headcirc,319,45.5714,39,36.746,0.033917,0.034872
1,headcirc,320,45.7143,40,36.7959,0.033836,0.034742
1,headcirc,321,45.8571,41,36.8473,0.033757,0.034614
1,headcirc,322,46.0,42,36.9,0.033679,0.034486
1,headcirc,323,46.1429,43,36.9539,0.033603,0.034359
1,headcirc,324,46.2857,44,37.0085,0.033529,0.034233
1,headcirc,325,46.4286,45,37.0639,0.033456,0.034108
1,headcirc,326,46.5714,46,37.1201,0.033385,0.033984
1,headcirc,327,46.7143,47,37.177,0.033316,0.033861
1,headcirc,328,46.8571,48,37.2346,0.033248,0.033738
1,headcirc,329,47.0,49,37.293,0.033182,0.033617
1,headcirc,330,47.1429,50,37.352,0.033118,0.033496
1,headcirc,331,47.2857,51,37.4118,0.033055,0.033376
1,headcirc,332,47.4286,52,37.4722,0.032994,0.033257
1,headcirc,333,47.5714,53,37.5333,0.032935,0.033139
1,headcirc,334,47.7143,54,37.5951,0.032877,0.033022
1,headcirc,335,47.8571,55,37.6576,0.032821,0.032905
1,headcirc,336,48.0,56,37.7207,0.032767,0.03279
1,headcirc,337,48.1429,57,37.7844,0.032715,0.032675
1,headcirc,338,48.2857,58,37.8488,0.032664,0.032561
1,headcirc,339,48.4286,59,37.9138,0.032614,0.032448
1,headcirc,340,48.5714,60,37.9794,0.032567,0.032336
1,headcirc,341,48.7143,61,38.0456,0.032521,0.032225
1,headcirc,342,48.8571,62,38.1124,0.032477,0.032115
1,headcirc,343,49.0,63,38.1798,0.032434,0.032005
1,headcirc,344,49.1429,64,38.2478,0.032394,0.031897
1,headcirc,345,49.2857,65,38.3163,0.032354,0.031789
1,headcirc,346,49.4286,66,38.3854,0.032317,0.031682
1,headcirc,347,49.5714,67,38.455,0.032281,0.031576
1,headcirc,348,49.7143,68,38.5251,0.032247,0.031471
1,headcirc,349,49.8571,69,38.5958,0.032214,0.031367
1,headcirc,350,50.0,70,38.667,0.032184,0.031263
